Categoria,Sub-Categoria,SKU
Faldas,Falda Short,004FALDA_SHORT_N_TU
Faldas,Falda Short,004FALDA_SHORT_BL_TU
Faldas,Falda Short,004FALDA_SHORT_BUR_TU
Faldas,Falda Short,004FALDA_SHORT_RJ_TU
Faldas,Falda Short,004FALDA_SHORT_RO_TU
Faldas,Falda Short,004FALDA_SHORT_BU_TU
Faldas,Falda Short,004FALDA_SHORT_BE_TU
Faldas,Falda Short,004FALDA_SHORT_FU_TU
Crops,Crop Manga Larga,DI_018ML_BUR_TU
Crops,Crop Manga Larga,DI_018ML_N_TU
Crops,Crop Manga Larga,DI_018ML_BL_TU
Crops,Crop Manga Larga,DI_018ML_FU_TU
Crops,Crop Manga Larga,DI_018ML_BE_TU
Crops,Crop Manga Larga,DI_018ML_RO_TU
Crops,Crop Manga Larga,DI_018ML_RJ_TU
Crops,Crop Manga Larga,DI_018ML_AZ_TU
Crops,Crop Manga Larga,DI_011ML_N_TU
Crops,Crop Manga Larga,DI_011ML_BL_TU
Crops,Crop Manga Larga,DI_011ML_RO_TU
Crops,Crop Manga Larga,DI_011ML_RJ_TU
Crops,Crop Manga Larga,DI_011ML_BE_TU
Crops,Crop Manga Larga,DI_011ML_FU_TU
Crops,Crop Manga Larga,DI_010ML_FU_TU
Crops,Crop Manga Larga,DI_010ML_N_TU
Crops,Crop Manga Larga,DI_010ML_BL_TU
Crops,Crop Manga Larga,DI_010ML_RO_TU
Crops,Crop Manga Larga,DI_010ML_BE_TU
Crops,Crop Manga Larga,DI_010ML_RJ_TU
Crops,Crop Manga Corta,033MC_N_TU
Crops,Crop Manga Corta,033MC_RJ_TU
Crops,Crop Manga Corta,033MC_AZ_TU
Crops,Crop Manga Corta,033MC_FU_TU
Crops,Crop Manga Corta,033MC_BL_TU
Crops,Crop Manga Corta,0101MC_RO_TU
Crops,Crop Manga Corta,0101MC_BL_TU
Crops,Crop Manga Corta,0101MC_AZ_TU
Crops,Crop Manga Corta,0102MC_RJ_TU
Crops,Crop Manga Corta,0102MC_BL_TU
Crops,Crop Manga Corta,0102MC_CE_TU
Crops,Crop Manga Corta,0102MC_BE_TU
Crops,Crop Manga Corta,0103MC_N_TU
Crops,Crop Manga Corta,0103MC_RJ_TU
Crops,Crop Manga Corta,0103MC_BL_TU
Crops,Crop Manga Corta,0103MC_BUR_TU
Crops,Crop Manga Corta,009MC_BL_TU
Crops,Crop Manga Corta,009MC_N_TU
Crops,Crop Manga Corta,009MC_RJ_TU
Crops,Crop Manga Corta,0104MC_RO_TU
Crops,Crop Manga Corta,0104MC_BL_TU
Crops,Crop Manga Corta,0104MC_N_TU
Crops,Crop Manga Corta,0104MC_RJ_TU
Crops,Crop Manga Corta,006MC_BUR_TU
Crops,Crop Manga Corta,006MC_VE_TU
Crops,Crop Manga Corta,0105MC_VER_TU
Crops,Crop Manga Corta,0105MC_N_TU
Crops,Crop Manga Corta,0105MC_BL_TU
Crops,Crop Manga Corta,0105MC_RJ_TU
Crops,Crop Manga Corta,0106MC_BL_TU
Crops,Crop Manga Corta,0106MC_N_TU
Crops,Crop Manga Corta,0106MC_RJ_TU
Crops,Crop Manga Corta,0106MC_RO_TU
Crops,Crop Manga Corta,0106MC_AZ_TU
Crops,Crop Manga Corta,0106MC_BUR_TU
Crops,Crop Manga Corta,0107MC_RJ_TU
Crops,Crop Manga Corta,0107MC_BE_TU
Crops,Crop Manga Corta,0107MC_N_TU
Crops,Crop Manga Corta,0107MC_AZ_TU
Crops,Crop Manga Corta,0107MC_RO_TU
Crops,Crop Manga Corta,0107MC_BL_TU
Crops,Crop Manga Corta,0108MC_N_TU
Crops,Crop Manga Corta,0108MC_RJ_TU
Crops,Crop Manga Corta,0108MC_BE_TU
Crops,Crop Manga Corta,0109MC_N_TU
Crops,Crop Manga Corta,0109MC_RO_TU
Crops,Crop Manga Corta,0109MC_RJ_TU
Crops,Crop Manga Corta,0109MC_FU_TU
Crops,Crop Manga Corta,0109MC_BL_TU
Crops,Crop Manga Corta,0109MC_BE_TU
Crops,Crop Manga Corta,0109MC_AZ_TU
Crops,Crop Manga Corta,0110MC_N_TU
Crops,Crop Manga Corta,0110MC_FU_TU
Crops,Crop Manga Corta,0110MC_AZ_TU
Crops,Crop Manga Corta,0110MC_RO_TU
Crops,Crop Manga Corta,0110MC_RJ_TU
Crops,Crop Manga Corta,0110MC_BL_TU
Crops,Crop Manga Corta,0110MC_BE_TU
Crops,Crop Manga Corta,0111MC_BL_TU
Crops,Crop Manga Corta,0111MC_N_TU
Crops,Crop Manga Corta,0111MC_BU_TU
Crops,Crop Manga Corta,0111MC_RJ_TU
Crops,Crop Manga Corta,0112MC_VER_TU
Crops,Crop Manga Corta,0112MC_N_TU
Crops,Crop Manga Corta,0112MC_BE_TU
Crops,Crop Manga Corta,0112MC_BUR_TU
Crops,Crop Manga Corta,0112MC_AZ_TU
Crops,Crop Manga Corta,0112MC_RJ_TU
Crops,Crop Manga Corta,0112MC_BL_TU
Crops,Crop Manga Corta,0112MC_RO_TU
Crops,Crop Manga Corta,0112MC_FU_TU
Crops,Crop Manga Corta,021MC_N_TU
Crops,Crop Manga Corta,021MC_BL_TU
Crops,Crop Manga Corta,021MC_FU_TU
Crops,Crop Manga Corta,021MC_BE_TU
Crops,Crop Manga Corta,021MC_RJ_TU
Crops,Crop Manga Corta,021MC_AZ_TU
Crops,Crop Manga Corta,0114MC_N_TU
Crops,Crop Manga Corta,0114MC_BL_TU
Crops,Crop Manga Corta,0114MC_RJ_TU
Crops,Crop Manga Corta,0114MC_AZ_TU
Crops,Crop Manga Corta,0114MC_FU_TU
Crops,Crop Manga Corta,0114MC_BE_TU
Crops,Crop Manga Corta,0115MC_TE_TU
Crops,Crop Manga Corta,0115MC_BE_TU
Crops,Crop Manga Corta,0115MC_BL_TU
Crops,Crop Manga Corta,0115MC_BUR_TU
Crops,Crop Manga Corta,0115MC_N_TU
Crops,Crop Manga Corta,0116MC_RO_TU
Crops,Crop Manga Corta,0116MC_RJ_TU
Crops,Crop Manga Corta,0116MC_AZ_TU
Crops,Crop Manga Corta,0116MC_N_TU
Crops,Crop Manga Corta,0116MC_BE_TU
Crops,Crop Manga Corta,0116MC_BUR_TU
Crops,Crop Manga Corta,0117MC_N_TU
Crops,Crop Manga Corta,0117MC_BE_TU
Crops,Crop Manga Corta,0117MC_VEROL_TU
Crops,Crop Manga Corta,0117MC_AZ_TU
Crops,Crop Manga Corta,0117MC_BL_TU
Crops,Crop Manga Corta,0117MC_RO_TU
Crops,Crop Manga Corta,0118MC_N_TU
Crops,Crop Manga Corta,0118MC_RO_TU
Crops,Crop Manga Corta,0118MC_RJ_TU
Crops,Crop Manga Corta,0118MC_BL_TU
Crops,Crop Manga Corta,0119MC_BL_TU
Crops,Crop Manga Corta,0119MC_N_TU
Crops,Crop Manga Corta,0120MC_N_TU
Crops,Crop Manga Corta,0120MC_AZ_TU
Crops,Crop Manga Corta,0120MC_BE_TU
Crops,Crop Manga Corta,0120MC_RJ_TU
Crops,Crop Manga Corta,0120MC_BL_TU
Crops,Crop Manga Corta,0125LAHAMC_BL_TU
Crops,Crop Manga Corta,0125LAHAMC_N_TU
Crops,Crop Manga Corta,0127MCNALA_BL_TU
Crops,Crop Manga Corta,0127MCNALA_N_TU
Crops,Crop Manga Corta,0127MCNALA_RJ_TU
Crops,Crop Manga Corta,0122MC_N_TU
Crops,Crop Manga Corta,0122MC_BL_TU
Crops,Crop Manga Corta,0122MC_RJ_TU
Crops,Crop Manga Corta,0122MC_FU_TU
Crops,Crop Manga Corta,0122MC_RO_TU
Crops,Crop Manga Corta,0122MC_AZ_TU
Crops,Crop Manga Corta,0123MC_N_TU
Crops,Crop Manga Corta,0123MC_BL_TU
Crops,Crop Manga Corta,0123MC_RJ_TU
Crops,Crop Manga Corta,0123MC_AZ_TU
Crops,Crop Manga Larga,NA_002ML_N_TU
Crops,Crop Manga Larga,NA_002ML_RJ_TU
Crops,Crop Manga Corta,0124MC_BL_TU
Crops,Crop Manga Corta,0124MC_RJ_TU
Crops,Crop Manga Corta,0124MC_N_TU
Crops,Crop Manga Corta,0125LAHAMC_RJ_TU
Crops,Crop Manga Corta,0125LAHAMC_CE_TU
Crops,Crop Manga Corta,0125LAHAMC_RO_TU
Crops,Crop Manga Corta,0126MC_N_TU
Crops,Crop Manga Corta,0126MC_RJ_TU
Crops,Crop Manga Corta,0126MC_BL_TU
Crops,Crop Manga Corta,0126MC_RO_TU
Faldas,Falda,002FALDA_N_TU
Faldas,Falda Short,005FALDA_SHORT_N_TU
Crops,Crop Manga Corta,0128MC_N_TU
Crops,Crop Manga Corta,0128MC_BL_TU
Crops,Crop Manga Corta,0128MC_TE_TU
Crops,Crop Manga Corta,0128MC_RJ_TU
Crops,Crop Manga Corta,0128MC_BE_TU
Crops,Crop Manga Corta,0129MC_TE_TU
Crops,Crop Manga Corta,0129MC_N_TU
Crops,Crop Manga Corta,0129MC_BL_TU
Crops,Crop Manga Corta,0129MC_RJ_TU
Crops,Crop Manga Corta,0130MC_RJ_TU
Crops,Crop Manga Corta,0130MC_BL_TU
Crops,Crop Manga Corta,0130MC_N_TU
Crops,Crop Manga Corta,029MC_N_TU
Crops,Crop Manga Corta,029MC_BL_TU
Crops,Crop Manga Corta,029MC_FU_TU
Crops,Crop Manga Corta,029MC_AZ_TU
Crops,Crop Manga Corta,029MC_RJ_TU
Faldas,Falda Short,006FALDA_SHORT_N_TU
Faldas,Falda Short,006FALDA_SHORT_BL_TU
Crops,Crop Manga Corta,0131MC_N_TU
Crops,Crop Manga Corta,0132MC_BL_TU
Crops,Crop Manga Corta,0132MC_BE_TU
Crops,Crop Manga Corta,0132MC_MO_TU
Crops,Crop Manga Corta,0132MC_N_TU
Crops,Crop Manga Corta,0132MC_RJ_TU
Crops,Crop Manga Corta,0133MC_BL_TU
Crops,Crop Manga Corta,0133MC_RJ_TU
Crops,Crop Manga Corta,0133MC_N_TU
Crops,Crop Manga Corta,0133MC_BE_TU
Crops,Crop Manga Corta,0134MC_BL_TU
Crops,Polera Manga Corta,0135MC_BL_TU
Crops,Crop Manga Corta,0135MC_N_TU
Crops,Crop Manga Corta,0135MC_RJ_TU
Crops,Crop Manga Larga,ME_001ML_BL_TU
Crops,NO INFO,001MC_RJ_TU
Faldas,NO INFO,003FALDA_SHORT_RJ_TU
Pijamas,NO INFO,PJ_008_BE_S
Crops,NO INFO,001MC_N_TU
Crops,NO INFO,DI_015ML_BL_TU
Faldas,NO INFO,002FALDA_SHORT_RJ_TU
Crops,NO INFO,CROP_PEDRERIA1_PL_TU